<?xml version="1.0" encoding="UTF-8" standalone="yes"?>
<addon id="plugin.video.gamestar_ll" name="GameStar" version="0.1.1" provider-name="Lary_Loose">
    <requires></requires>
    <extension point="xbmc.python.pluginsource" library="default.py">
        <provides>video</provides>
    </extension>
    <extension point="xbmc.addon.metadata">
        <platform>all</platform>
        <summary lang="de">GameStar.de</summary>
        <summary lang="en">GameStar.de</summary>
        <description lang="de">Videos von GameStar.de</description>
        <description lang="en">Videos of GameStar.de</description>
    </extension>
</addon>
