<?xml version="1.0" encoding="UTF-8" standalone="yes"?>
<addon id="plugin.image.celebgate_cc" name="Celebgate" version="0.1.10" provider-name="Lary_Loose">
  <requires>
  </requires>
  <extension point="xbmc.python.pluginsource" library="default.py">
    <provides>image</provides>
  </extension>
  <extension point="xbmc.addon.metadata">
    <platform>all</platform>
    <summary lang="de">Stars nackt, Playboy Nacktbilder &amp; Paparazzi Fotos. Videos, Fakes &amp; Wallpaper</summary>
    <summary lang="en">Nude celebs, naked pictures. Playboy &amp; paparazzi photos. Videos, Fakes &amp; Wallpaper</summary>
    <description lang="de">Stars nackt. Kostenlose Nacktfotos, Playboy Bilder und Fakes. Sex Szenen und Sextapes, sowie Fotos von Paparazzis auf Celebgate.</description>
    <description lang="en">Nude pictures of every celeb. Free galleries, fakes, naked sex scenes of vips and all leaked images. Watch your favorit playboy pics on Celebgate.</description>
  </extension>
</addon>
