<?xml version="1.0" encoding="UTF-8" standalone="yes"?>
<addon id="plugin.video.movietown_org" name="MovieTown" version="0.1.4" provider-name="Lary_Loose">
    <requires>
        <import addon="script.module.t0mm0.common" version="1.1.0"/>
    </requires>
    <extension point="xbmc.python.pluginsource" library="default.py">
        <provides>video</provides>
    </extension>
    <extension point="xbmc.addon.metadata">
        <platform>all</platform>
        <summary lang="de">Ultimate Movie and TV Database</summary>
        <summary lang="en">Ultimate Movie and TV Database</summary>
        <description lang="de">Movietown - Kostenlos Filme &amp; Serien online anschauen</description>
        <description lang="en">Movietown - Kostenlos Filme &amp; Serien online anschauen</description>
    </extension>
</addon>
