<?xml version="1.0" encoding="UTF-8" standalone="yes"?>
<addon id="plugin.video.movie_paradise_tv" name="Movie-Paradise" version="0.1.1" provider-name="Lary_Loose">
    <requires>
        <import addon="script.module.t0mm0.common" version="1.1.0"/>
    </requires>
    <extension point="xbmc.python.pluginsource" library="default.py">
        <provides>video</provides>
    </extension>
    <extension point="xbmc.addon.metadata">
        <platform>all</platform>
        <summary lang="de"></summary>
        <summary lang="en"></summary>
        <description lang="de"></description>
        <description lang="en"></description>
    </extension>
</addon>
