<?xml version="1.0" encoding="UTF-8" standalone="yes"?>
<addon id="plugin.video.szene-streams" name="Szene-Streams" version="0.4.4" provider-name="Lary_Loose">
    <requires>
        <import addon="script.module.t0mm0.common" version="1.1.0"/>
    </requires>
    <extension point="xbmc.python.pluginsource" library="default.py">
        <provides>video</provides>
    </extension>
    <extension point="xbmc.addon.metadata">
        <platform>all</platform>
        <summary lang="de">Szene-Streams.com</summary>
        <summary lang="en">Szene-Streams.com</summary>
        <description lang="de">Filme und Serien von Szene-Streams.com</description>
        <description lang="en">Movies and series from Szene-Streams.com</description>
    </extension>
</addon>
