<?xml version="1.0" encoding="UTF-8"?>
<addon id="plugin.video.bild_de_ll" name="Bild.de" version="0.1.4" provider-name="Lary_Loose">
    <requires>
        <import addon="xbmc.python" version="2.0"/>
        <import addon="script.common.plugin.cache" version="0.9.1"/>
    </requires>
    <extension point="xbmc.python.pluginsource" library="default.py">
        <provides>video</provides>
    </extension>
    <extension point="xbmc.addon.metadata">
        <platform>all</platform>
        <summary lang="de">News, Politik, Unterhaltung, Sport, Auto und Lifestye</summary>
        <summary lang="en">News, Politics, Entertainment, Sports, Cars and Lifestye</summary>
        <language>de</language>
        <description lang="de">News, Politik, Unterhaltung, Sport, Auto und Lifestye</description>
        <description lang="en">News, Politics, Entertainment, Sports, Cars and Lifestye</description>
    <platform>all</platform>
    </extension>
</addon>
