<?xml version="1.0" encoding="UTF-8"?>
<addon id="plugin.video.cczwei_de" name="Computerclub Zwei" version="0.1.2" provider-name="Lary_Loose">
    <requires>
    </requires>
    <extension point="xbmc.python.pluginsource" library="addon.py">
        <provides>video</provides>
    </extension>
    <extension point="xbmc.addon.metadata">
        <platform>all</platform>
        <summary lang="de"></summary>
        <summary lang="en"></summary>
        <language>de</language>
        <description lang="de"></description>
        <description lang="en"></description>
    <platform>all</platform>
    </extension>
</addon>
