<?xml version="1.0" encoding="UTF-8"?>
<addon id="plugin.video.demoscene_tv" name="Demoscene.tv" version="0.1.1" provider-name="Lary_Loose">
    <requires>
    </requires>
    <extension point="xbmc.python.pluginsource" library="addon.py">
        <provides>video</provides>
    </extension>
    <extension point="xbmc.addon.metadata">
        <platform>all</platform>
        <summary lang="de">Inhalte von Demoscene.tv</summary>
        <summary lang="en">Content from Demoscene.tv</summary>
        <description lang="de">Demoscene.tv strives to share and broadcast artwork urging from demoscene artists and stakeholders. DTV offers a video stream and associated services to allow groups belonging to the digital artscene to diffuse their creations.</description>
        <description lang="en">Demoscene.tv strives to share and broadcast artwork urging from demoscene artists and stakeholders. DTV offers a video stream and associated services to allow groups belonging to the digital artscene to diffuse their creations.</description>
    </extension>
</addon>
