<?xml version="1.0" encoding="UTF-8"?>
<addon id="plugin.video.recordedgames" name="Recorded Games" version="1.0.0" provider-name="Lary_Loose">
    <requires>
        <import addon="xbmc.python" version="2.0"/>
    </requires>
    <extension point="xbmc.python.pluginsource" library="default.py">
        <provides>video</provides>
    </extension>
    <extension point="xbmc.addon.metadata">
        <platform>all</platform>
        <summary lang="de">Longplays of various Computer Games</summary>
        <summary lang="en">Longplays of various Computer Games</summary>
        <language>de</language>
        <description lang="de">Longplays of various Computer Games</description>
        <description lang="en">Longplays of various Computer Games</description>
    <platform>all</platform>
    </extension>
</addon>
