<?xml version="1.0" encoding="UTF-8"?>
<addon id="plugin.video.bild_de_ll" name="Bild.de" version="0.2.1" provider-name="Lary_Loose">
    <extension point="xbmc.python.pluginsource" library="default.py">
        <provides>video</provides>
    </extension>
    <extension point="xbmc.addon.metadata">
        <platform>all</platform>
        <summary lang="de">News, Politik, Unterhaltung, Sport, Auto und Lifestyle</summary>
        <summary lang="en">News, Politics, Entertainment, Sports, Cars and Lifestyle</summary>
        <language>de</language>
        <description lang="de">News, Politik, Unterhaltung, Sport, Auto und Lifestyle</description>
        <description lang="en">News, Politics, Entertainment, Sports, Cars and Lifestyle</description>
    <platform>all</platform>
    </extension>
</addon>
