<?xml version="1.0" encoding="UTF-8" standalone="yes"?>
<addon id="plugin.video.k1no" name="K1no" version="0.1.11" provider-name="Lary_Loose">
    <requires>
        <import addon="script.module.t0mm0.common" version="1.1.0"/>
    </requires>
    <extension point="xbmc.python.pluginsource" library="default.py">
        <provides>video</provides>
    </extension>
    <extension point="xbmc.addon.metadata">
        <platform>all</platform>
        <summary lang="de">Filme gratis und online Filme gucken, streamen und downloaden auf k1no.do.am</summary>
        <summary lang="en">Watch Movies for free from k1no.do.am</summary>
        <description lang="de"></description>
        <description lang="en"></description>
    </extension>
</addon>
